-- ================================================================
-- ACKO INSURANCE AI PLATFORM - COMPLETE SQL FILE
-- All tables, indexes, views, data, and queries in one file
-- ================================================================

-- ================================================================
-- PART 1: DROP EXISTING TABLES (Clean Start)
-- ================================================================
DROP TABLE IF EXISTS chat_logs CASCADE;
DROP TABLE IF EXISTS claims CASCADE;
DROP TABLE IF EXISTS quotations CASCADE;
DROP TABLE IF EXISTS users CASCADE;

-- ================================================================
-- PART 2: CREATE TABLES
-- ================================================================

-- 2.1 USERS TABLE
CREATE TABLE users (
    id UUID PRIMARY KEY DEFAULT gen_random_uuid(),
    name VARCHAR(100) NOT NULL,
    email VARCHAR(150) UNIQUE NOT NULL,
    phone VARCHAR(15),
    role VARCHAR(20) DEFAULT 'customer' CHECK (role IN ('customer', 'manager')),
    created_at TIMESTAMP DEFAULT CURRENT_TIMESTAMP
);

CREATE INDEX idx_users_email ON users(email);
CREATE INDEX idx_users_role ON users(role);
CREATE INDEX idx_users_created_at ON users(created_at);

COMMENT ON TABLE users IS 'Stores all platform users - customers and managers';
COMMENT ON COLUMN users.role IS 'User role: customer or manager';

-- 2.2 QUOTATIONS TABLE
CREATE TABLE quotations (
    id UUID PRIMARY KEY DEFAULT gen_random_uuid(),
    user_id UUID REFERENCES users(id) ON DELETE SET NULL,
    vehicle_type VARCHAR(10) NOT NULL CHECK (vehicle_type IN ('car', 'bike')),
    vehicle_make VARCHAR(50) NOT NULL,
    vehicle_model VARCHAR(80) NOT NULL,
    manufacturing_year INTEGER NOT NULL CHECK (manufacturing_year BETWEEN 1900 AND 2024),
    fuel_type VARCHAR(20) NOT NULL CHECK (fuel_type IN ('Petrol', 'Diesel', 'Electric', 'CNG')),
    city VARCHAR(80) NOT NULL,
    city_tier VARCHAR(10) CHECK (city_tier IN ('tier1', 'tier2', 'tier3')),
    idv DECIMAL(12,2) NOT NULL CHECK (idv > 0),
    ncb_percent INTEGER DEFAULT 0 CHECK (ncb_percent IN (0, 20, 25, 35, 45, 50)),
    vehicle_age INTEGER GENERATED ALWAYS AS (EXTRACT(YEAR FROM CURRENT_DATE) - manufacturing_year) STORED,
    predicted_premium DECIMAL(12,2) NOT NULL CHECK (predicted_premium > 0),
    created_at TIMESTAMP DEFAULT CURRENT_TIMESTAMP
);

CREATE INDEX idx_quotations_user_id ON quotations(user_id);
CREATE INDEX idx_quotations_vehicle_type ON quotations(vehicle_type);
CREATE INDEX idx_quotations_city ON quotations(city);
CREATE INDEX idx_quotations_created_at ON quotations(created_at);

COMMENT ON TABLE quotations IS 'Stores insurance premium quotations generated by ML model';
COMMENT ON COLUMN quotations.idv IS 'Insured Declared Value - current market value of vehicle';
COMMENT ON COLUMN quotations.ncb_percent IS 'No Claim Bonus discount percentage';

-- 2.3 CLAIMS TABLE
CREATE TABLE claims (
    id UUID PRIMARY KEY DEFAULT gen_random_uuid(),
    user_id UUID REFERENCES users(id) ON DELETE SET NULL,
    vehicle_type VARCHAR(10) NOT NULL CHECK (vehicle_type IN ('car', 'bike')),
    policy_number VARCHAR(50) NOT NULL,
    incident_date DATE NOT NULL,
    damage_type VARCHAR(50) NOT NULL CHECK (damage_type IN ('scratch', 'dent', 'crack', 'major_damage', 'total_loss')),
    damaged_parts VARCHAR(200),
    severity VARCHAR(20) NOT NULL CHECK (severity IN ('minor', 'moderate', 'major')),
    city VARCHAR(80),
    image_s3_key VARCHAR(255),
    form_s3_key VARCHAR(255),
    predicted_amount DECIMAL(12,2) NOT NULL CHECK (predicted_amount >= 0),
    approval_probability DECIMAL(5,4) NOT NULL CHECK (approval_probability BETWEEN 0 AND 1),
    status VARCHAR(20) DEFAULT 'pending' CHECK (status IN ('pending', 'approved', 'rejected', 'review')),
    created_at TIMESTAMP DEFAULT CURRENT_TIMESTAMP
);

CREATE INDEX idx_claims_user_id ON claims(user_id);
CREATE INDEX idx_claims_vehicle_type ON claims(vehicle_type);
CREATE INDEX idx_claims_status ON claims(status);
CREATE INDEX idx_claims_incident_date ON claims(incident_date);
CREATE INDEX idx_claims_created_at ON claims(created_at);

COMMENT ON TABLE claims IS 'Stores all claim submissions with AI predictions';
COMMENT ON COLUMN claims.image_s3_key IS 'AWS S3 path for uploaded damage image';
COMMENT ON COLUMN claims.approval_probability IS 'ML model predicted approval likelihood (0 to 1)';

-- 2.4 CHAT LOGS TABLE
CREATE TABLE chat_logs (
    id UUID PRIMARY KEY DEFAULT gen_random_uuid(),
    user_id UUID REFERENCES users(id) ON DELETE SET NULL,
    intent VARCHAR(30) CHECK (intent IN ('policy_qa', 'quotation', 'claims', 'general', 'manager_query')),
    question TEXT NOT NULL,
    answer TEXT,
    retrieved_source VARCHAR(255),
    created_at TIMESTAMP DEFAULT CURRENT_TIMESTAMP
);

CREATE INDEX idx_chat_logs_user_id ON chat_logs(user_id);
CREATE INDEX idx_chat_logs_intent ON chat_logs(intent);
CREATE INDEX idx_chat_logs_created_at ON chat_logs(created_at);

COMMENT ON TABLE chat_logs IS 'Stores all chat interactions for analytics and training';

-- ================================================================
-- PART 3: CREATE VIEWS
-- ================================================================

-- 3.1 Customer Activity Summary
CREATE OR REPLACE VIEW vw_customer_activity AS
SELECT 
    u.id AS user_id,
    u.name,
    u.email,
    u.role,
    COUNT(DISTINCT q.id) AS total_quotations,
    COUNT(DISTINCT c.id) AS total_claims,
    COUNT(DISTINCT cl.id) AS total_chat_queries,
    ROUND(AVG(q.predicted_premium), 2) AS avg_quoted_premium,
    ROUND(AVG(c.predicted_amount), 2) AS avg_claim_amount
FROM users u
LEFT JOIN quotations q ON u.id = q.user_id
LEFT JOIN claims c ON u.id = c.user_id
LEFT JOIN chat_logs cl ON u.id = cl.user_id
GROUP BY u.id, u.name, u.email, u.role;

-- 3.2 Dashboard Summary
CREATE OR REPLACE VIEW vw_dashboard_summary AS
SELECT 
    (SELECT COUNT(*) FROM claims) AS total_claims,
    (SELECT COUNT(*) FROM claims WHERE vehicle_type = 'car') AS car_claims,
    (SELECT COUNT(*) FROM claims WHERE vehicle_type = 'bike') AS bike_claims,
    ROUND((SELECT AVG(predicted_amount) FROM claims), 2) AS avg_claim_amount,
    (SELECT COUNT(*) FROM claims WHERE status = 'approved') AS approved_claims,
    ROUND((SELECT COUNT(*) FILTER (WHERE status = 'approved') FROM claims) * 100.0 / NULLIF((SELECT COUNT(*) FROM claims), 0), 2) AS approval_rate,
    (SELECT COUNT(*) FROM quotations) AS total_quotations,
    ROUND((SELECT AVG(predicted_premium) FROM quotations), 2) AS avg_premium,
    (SELECT COUNT(*) FROM chat_logs) AS total_chat_interactions;

-- 3.3 BI Export View
CREATE OR REPLACE VIEW vw_bi_export AS
SELECT 
    u.id AS user_id,
    u.name AS user_name,
    u.email,
    u.role,
    c.id AS claim_id,
    c.vehicle_type,
    c.policy_number,
    c.incident_date,
    c.damage_type,
    c.damaged_parts,
    c.severity,
    c.city AS claim_city,
    c.predicted_amount AS claim_amount,
    c.approval_probability,
    c.status AS claim_status,
    c.created_at AS claim_created_at,
    q.id AS quotation_id,
    q.vehicle_make,
    q.vehicle_model,
    q.manufacturing_year,
    q.fuel_type,
    q.city AS quotation_city,
    q.idv,
    q.ncb_percent,
    q.predicted_premium,
    q.created_at AS quotation_created_at,
    EXTRACT(YEAR FROM c.created_at) AS claim_year,
    EXTRACT(MONTH FROM c.created_at) AS claim_month
FROM users u
LEFT JOIN claims c ON u.id = c.user_id
LEFT JOIN quotations q ON u.id = q.user_id;

-- ================================================================
-- PART 4: INSERT SAMPLE DATA
-- ================================================================

-- 4.1 Insert Users
INSERT INTO users (id, name, email, phone, role, created_at) VALUES
('a1b2c3d4-e5f6-7890-abcd-ef1234567890', 'Rajesh Sharma', 'rajesh@acko.com', '9876543210', 'manager', '2024-01-01 10:00:00'),
('b2c3d4e5-f6a7-8901-bcde-f23456789012', 'Priya Patel', 'priya@acko.com', '9876543211', 'manager', '2024-01-01 10:00:00'),
('c3d4e5f6-a7b8-9012-cdef-345678901234', 'Amit Singh', 'amit.singh@email.com', '9876543212', 'customer', '2024-01-15 14:30:00'),
('d4e5f6a7-b8c9-0123-defg-456789012345', 'Sneha Reddy', 'sneha.r@email.com', '9876543213', 'customer', '2024-01-20 09:15:00'),
('e5f6a7b8-c9d0-1234-efgh-567890123456', 'Vikram Kumar', 'vikram.k@email.com', '9876543214', 'customer', '2024-02-01 16:45:00'),
('f6a7b8c9-d0e1-2345-fghi-678901234567', 'Ananya Sharma', 'ananya.s@email.com', '9876543215', 'customer', '2024-02-10 11:20:00'),
('a7b8c9d0-e1f2-3456-ghij-789012345678', 'Rahul Verma', 'rahul.v@email.com', '9876543216', 'customer', '2024-02-15 08:50:00'),
('b8c9d0e1-f2a3-4567-hijk-890123456789', 'Meera Joshi', 'meera.j@email.com', '9876543217', 'customer', '2024-03-01 13:10:00'),
('c9d0e1f2-a3b4-5678-ijkl-901234567890', 'Arjun Nair', 'arjun.n@email.com', '9876543218', 'customer', '2024-03-10 10:30:00'),
('d0e1f2a3-b4c5-6789-jklm-012345678901', 'Kavya Rao', 'kavya.r@email.com', '9876543219', 'customer', '2024-03-15 15:00:00');

-- 4.2 Insert Quotations
INSERT INTO quotations (id, user_id, vehicle_type, vehicle_make, vehicle_model, manufacturing_year, fuel_type, city, city_tier, idv, ncb_percent, predicted_premium, created_at) VALUES
(gen_random_uuid(), 'c3d4e5f6-a7b8-9012-cdef-345678901234', 'car', 'Maruti', 'Swift', 2020, 'Petrol', 'Mumbai', 'tier1', 500000, 20, 24500, '2024-02-01 10:00:00'),
(gen_random_uuid(), 'd4e5f6a7-b8c9-0123-defg-456789012345', 'car', 'Hyundai', 'Creta', 2021, 'Diesel', 'Delhi', 'tier1', 800000, 25, 38500, '2024-02-10 14:30:00'),
(gen_random_uuid(), 'e5f6a7b8-c9d0-1234-efgh-567890123456', 'car', 'Honda', 'City', 2019, 'Petrol', 'Bangalore', 'tier1', 600000, 0, 32000, '2024-02-15 09:45:00'),
(gen_random_uuid(), 'f6a7b8c9-d0e1-2345-fghi-678901234567', 'car', 'Toyota', 'Innova', 2022, 'Diesel', 'Chennai', 'tier1', 1200000, 35, 52000, '2024-02-20 16:20:00'),
(gen_random_uuid(), 'a7b8c9d0-e1f2-3456-ghij-789012345678', 'car', 'Tata', 'Nexon', 2020, 'Electric', 'Pune', 'tier1', 700000, 20, 28000, '2024-03-01 11:00:00'),
(gen_random_uuid(), 'b8c9d0e1-f2a3-4567-hijk-890123456789', 'car', 'Mahindra', 'XUV700', 2021, 'Petrol', 'Hyderabad', 'tier1', 900000, 0, 42000, '2024-03-05 13:30:00'),
(gen_random_uuid(), 'c3d4e5f6-a7b8-9012-cdef-345678901234', 'bike', 'Hero', 'Splendor', 2021, 'Petrol', 'Lucknow', 'tier2', 60000, 35, 6500, '2024-02-05 12:00:00'),
(gen_random_uuid(), 'd4e5f6a7-b8c9-0123-defg-456789012345', 'bike', 'Honda', 'Activa', 2022, 'Petrol', 'Nagpur', 'tier2', 75000, 20, 7200, '2024-02-12 15:30:00'),
(gen_random_uuid(), 'e5f6a7b8-c9d0-1234-efgh-567890123456', 'bike', 'Bajaj', 'Pulsar', 2020, 'Petrol', 'Indore', 'tier2', 85000, 0, 8200, '2024-02-18 09:00:00'),
(gen_random_uuid(), 'f6a7b8c9-d0e1-2345-fghi-678901234567', 'bike', 'TVS', 'Apache', 2021, 'Petrol', 'Patna', 'tier3', 70000, 25, 6800, '2024-02-25 14:15:00');

-- 4.3 Insert Claims
INSERT INTO claims (id, user_id, vehicle_type, policy_number, incident_date, damage_type, damaged_parts, severity, city, predicted_amount, approval_probability, status, created_at) VALUES
(gen_random_uuid(), 'c3d4e5f6-a7b8-9012-cdef-345678901234', 'car', 'POL123456', '2024-02-01', 'dent', 'bumper, door', 'moderate', 'Mumbai', 28500, 0.82, 'approved', '2024-02-02 10:00:00'),
(gen_random_uuid(), 'd4e5f6a7-b8c9-0123-defg-456789012345', 'car', 'POL123457', '2024-02-05', 'scratch', 'door, fender', 'minor', 'Delhi', 8500, 0.91, 'approved', '2024-02-06 14:30:00'),
(gen_random_uuid(), 'e5f6a7b8-c9d0-1234-efgh-567890123456', 'car', 'POL123458', '2024-02-10', 'crack', 'windshield', 'moderate', 'Bangalore', 42000, 0.65, 'review', '2024-02-11 09:15:00'),
(gen_random_uuid(), 'f6a7b8c9-d0e1-2345-fghi-678901234567', 'car', 'POL123459', '2024-02-15', 'major_damage', 'bumper, hood, headlight', 'major', 'Chennai', 125000, 0.45, 'review', '2024-02-16 16:45:00'),
(gen_random_uuid(), 'a7b8c9d0-e1f2-3456-ghij-789012345678', 'car', 'POL123460', '2024-02-20', 'total_loss', 'bumper, hood, roof, doors', 'major', 'Pune', 850000, 0.28, 'rejected', '2024-02-21 11:30:00'),
(gen_random_uuid(), 'c3d4e5f6-a7b8-9012-cdef-345678901234', 'bike', 'POL123464', '2024-02-03', 'dent', 'handlebar', 'minor', 'Lucknow', 6500, 0.88, 'approved', '2024-02-04 12:15:00'),
(gen_random_uuid(), 'd4e5f6a7-b8c9-0123-defg-456789012345', 'bike', 'POL123465', '2024-02-08', 'scratch', 'fairing, mirror', 'minor', 'Nagpur', 3500, 0.93, 'approved', '2024-02-09 15:30:00'),
(gen_random_uuid(), 'e5f6a7b8-c9d0-1234-efgh-567890123456', 'bike', 'POL123466', '2024-02-12', 'crack', 'fairing', 'moderate', 'Indore', 12000, 0.71, 'review', '2024-02-13 09:45:00'),
(gen_random_uuid(), 'f6a7b8c9-d0e1-2345-fghi-678901234567', 'bike', 'POL123467', '2024-02-18', 'major_damage', 'fairing, handlebar, headlight', 'major', 'Patna', 45000, 0.38, 'rejected', '2024-02-19 14:00:00'),
(gen_random_uuid(), 'a7b8c9d0-e1f2-3456-ghij-789012345678', 'bike', 'POL123468', '2024-02-22', 'total_loss', 'full_vehicle', 'major', 'Jaipur', 250000, 0.22, 'rejected', '2024-02-23 11:00:00');

-- 4.4 Insert Chat Logs
INSERT INTO chat_logs (id, user_id, intent, question, answer, retrieved_source, created_at) VALUES
(gen_random_uuid(), 'c3d4e5f6-a7b8-9012-cdef-345678901234', 'policy_qa', 'Does my insurance cover flood damage?', 'Yes, flood damage is covered under the comprehensive policy. The policy covers loss or damage due to natural disasters including flood, earthquake, cyclone, and landslide.', 'Acko_Motor_Policy.pdf', '2024-02-01 09:30:00'),
(gen_random_uuid(), 'd4e5f6a7-b8c9-0123-defg-456789012345', 'policy_qa', 'What is zero depreciation cover?', 'Zero Depreciation Cover is an add-on where no depreciation is applied to parts replaced during claims.', 'Acko_Motor_Policy.pdf', '2024-02-05 14:00:00'),
(gen_random_uuid(), 'e5f6a7b8-c9d0-1234-efgh-567890123456', 'quotation', 'How much is premium for Honda City in Bangalore?', 'For a 2019 Honda City with IDV ₹600,000, the estimated premium is ₹32,000.', NULL, '2024-02-10 10:30:00'),
(gen_random_uuid(), 'f6a7b8c9-d0e1-2345-fghi-678901234567', 'claims', 'How do I file a claim for my car?', 'You can file a claim online by uploading photos and submitting required documents.', 'Acko_Motor_Policy.pdf', '2024-02-15 09:00:00'),
(gen_random_uuid(), 'a7b8c9d0-e1f2-3456-ghij-789012345678', 'policy_qa', 'Is road side assistance included?', 'Roadside assistance is available as an add-on cover with 24/7 assistance.', 'Acko_Motor_Policy.pdf', '2024-02-20 16:00:00'),
(gen_random_uuid(), 'b8c9d0e1-f2a3-4567-hijk-890123456789', 'policy_qa', 'What is the waiting period for health insurance?', 'Initial waiting period is 30 days. Pre-existing diseases covered after 48 months.', 'Acko_Health_Policy.pdf', '2024-03-01 11:15:00'),
(gen_random_uuid(), 'a1b2c3d4-e5f6-7890-abcd-ef1234567890', 'manager_query', 'How many car claims were filed this month?', 'There were 245 car claims filed this month.', NULL, '2024-03-01 09:00:00'),
(gen_random_uuid(), 'b2c3d4e5-f6a7-8901-bcde-f23456789012', 'manager_query', 'What is the average payout for bike claims?', 'The average bike claim payout is ₹12,500.', NULL, '2024-03-05 14:30:00');

-- ================================================================
-- PART 5: MODULE 1 - CHATBOT QUERIES
-- ================================================================

-- 5.1 View all chat interactions
SELECT 
    cl.id,
    u.name AS user_name,
    u.email,
    cl.intent,
    cl.question,
    cl.answer,
    cl.retrieved_source,
    cl.created_at
FROM chat_logs cl
LEFT JOIN users u ON cl.user_id = u.id
ORDER BY cl.created_at DESC
LIMIT 20;

-- 5.2 Chat statistics by intent
SELECT 
    intent,
    COUNT(*) AS total_queries,
    ROUND(COUNT(*) * 100.0 / (SELECT COUNT(*) FROM chat_logs), 2) AS percentage
FROM chat_logs
GROUP BY intent
ORDER BY total_queries DESC;

-- 5.3 Most asked questions
SELECT 
    question,
    COUNT(*) AS frequency
FROM chat_logs
GROUP BY question
ORDER BY frequency DESC
LIMIT 10;

-- ================================================================
-- PART 6: MODULE 2 - QUOTATION QUERIES
-- ================================================================

-- 6.1 Average premium by vehicle type
SELECT 
    vehicle_type,
    COUNT(*) AS total_quotations,
    ROUND(AVG(predicted_premium), 2) AS avg_premium,
    ROUND(MIN(predicted_premium), 2) AS min_premium,
    ROUND(MAX(predicted_premium), 2) AS max_premium
FROM quotations
GROUP BY vehicle_type
ORDER BY avg_premium DESC;

-- 6.2 Premium by city
SELECT 
    city,
    city_tier,
    COUNT(*) AS total_quotations,
    ROUND(AVG(predicted_premium), 2) AS avg_premium
FROM quotations
GROUP BY city, city_tier
ORDER BY avg_premium DESC
LIMIT 10;

-- 6.3 NCB discount impact
SELECT 
    ncb_percent,
    COUNT(*) AS total_quotations,
    ROUND(AVG(predicted_premium), 2) AS avg_premium
FROM quotations
GROUP BY ncb_percent
ORDER BY ncb_percent DESC;

-- ================================================================
-- PART 7: MODULE 3 - CLAIMS QUERIES
-- ================================================================

-- 7.1 Claim statistics by status
SELECT 
    status,
    COUNT(*) AS total_claims,
    ROUND(AVG(predicted_amount), 2) AS avg_amount,
    ROUND(AVG(approval_probability), 4) AS avg_approval_probability
FROM claims
GROUP BY status
ORDER BY total_claims DESC;

-- 7.2 Claims by damage type
SELECT 
    damage_type,
    COUNT(*) AS total_claims,
    ROUND(AVG(predicted_amount), 2) AS avg_payout,
    ROUND(AVG(approval_probability), 4) AS avg_approval_rate
FROM claims
GROUP BY damage_type
ORDER BY total_claims DESC;

-- 7.3 Low approval probability claims
SELECT 
    id,
    user_id,
    damage_type,
    severity,
    predicted_amount,
    approval_probability,
    status,
    created_at
FROM claims
WHERE approval_probability < 0.4
ORDER BY approval_probability ASC;

-- ================================================================
-- PART 8: MODULE 4 - DASHBOARD QUERIES
-- ================================================================

-- 8.1 Main Dashboard KPIs
SELECT 
    (SELECT COUNT(*) FROM claims) AS total_claims,
    (SELECT COUNT(*) FROM claims WHERE vehicle_type = 'car') AS car_claims,
    (SELECT COUNT(*) FROM claims WHERE vehicle_type = 'bike') AS bike_claims,
    ROUND((SELECT AVG(predicted_amount) FROM claims), 2) AS avg_claim_amount,
    ROUND((SELECT COUNT(*) FILTER (WHERE status = 'approved') FROM claims) * 100.0 / NULLIF((SELECT COUNT(*) FROM claims), 0), 2) AS approval_rate,
    (SELECT COUNT(*) FROM quotations) AS total_quotations,
    ROUND((SELECT AVG(predicted_premium) FROM quotations), 2) AS avg_premium;

-- 8.2 Claims by city (for bar chart)
SELECT 
    COALESCE(city, 'Unknown') AS city,
    COUNT(*) AS claim_count,
    ROUND(AVG(predicted_amount), 2) AS avg_amount
FROM claims
GROUP BY city
ORDER BY claim_count DESC
LIMIT 15;

-- 8.3 Daily claim trend (for line chart)
SELECT 
    DATE(created_at) AS date,
    COUNT(*) AS total_claims,
    ROUND(AVG(predicted_amount), 2) AS avg_amount
FROM claims
WHERE created_at >= CURRENT_DATE - INTERVAL '30 days'
GROUP BY DATE(created_at)
ORDER BY date ASC;

-- ================================================================
-- PART 9: MODULE 5 - MANAGER ASSISTANT QUERIES
-- ================================================================

-- 9.1 Count queries
-- "How many car claims were filed this month?"
SELECT 
    COUNT(*) AS car_claims_this_month
FROM claims
WHERE vehicle_type = 'car'
  AND EXTRACT(MONTH FROM created_at) = EXTRACT(MONTH FROM CURRENT_DATE);

-- "How many total claims in the system?"
SELECT COUNT(*) AS total_claims FROM claims;

-- 9.2 Average queries
-- "What is the average payout for bike claims in Chennai?"
SELECT 
    ROUND(AVG(predicted_amount), 2) AS avg_bike_payout_chennai
FROM claims
WHERE vehicle_type = 'bike' AND city = 'Chennai';

-- 9.3 Top/Bottom queries
-- "Which vehicle model has the most claims this year?"
SELECT 
    damage_type,
    COUNT(*) AS claim_count
FROM claims
WHERE EXTRACT(YEAR FROM created_at) = EXTRACT(YEAR FROM CURRENT_DATE)
GROUP BY damage_type
ORDER BY claim_count DESC
LIMIT 1;

-- "Top 5 cities by claim volume"
SELECT 
    city,
    COUNT(*) AS claim_count,
    ROUND(AVG(predicted_amount), 2) AS avg_payout
FROM claims
WHERE city IS NOT NULL
GROUP BY city
ORDER BY claim_count DESC
LIMIT 5;

-- 9.4 Filter queries
-- "Show me claims with approval probability below 40%"
SELECT 
    id,
    vehicle_type,
    damage_type,
    severity,
    predicted_amount,
    approval_probability,
    status
FROM claims
WHERE approval_probability < 0.4
ORDER BY approval_probability ASC;

-- 9.5 Trend queries
-- "Claim volume trend for last 30 days"
SELECT 
    DATE(created_at) AS date,
    COUNT(*) AS total_claims,
    COUNT(*) FILTER (WHERE vehicle_type = 'car') AS car_claims,
    COUNT(*) FILTER (WHERE vehicle_type = 'bike') AS bike_claims
FROM claims
WHERE created_at >= CURRENT_DATE - INTERVAL '30 days'
GROUP BY DATE(created_at)
ORDER BY date ASC;

-- 9.6 Comparison queries
-- "Compare car vs bike claims this month"
SELECT 
    vehicle_type,
    COUNT(*) AS total_claims,
    ROUND(AVG(predicted_amount), 2) AS avg_payout,
    ROUND(AVG(approval_probability) * 100, 2) AS avg_approval_rate
FROM claims
WHERE EXTRACT(MONTH FROM created_at) = EXTRACT(MONTH FROM CURRENT_DATE)
GROUP BY vehicle_type;

-- ================================================================
-- PART 10: ADVANCED ANALYTICS QUERIES
-- ================================================================

-- 10.1 Executive Dashboard (Single Row Summary)
SELECT 
    (SELECT COUNT(*) FROM claims) AS total_claims,
    (SELECT COUNT(*) FROM claims WHERE status = 'approved') AS approved_claims,
    ROUND((SELECT COUNT(*) FILTER (WHERE status = 'approved') FROM claims) * 100.0 / NULLIF((SELECT COUNT(*) FROM claims), 0), 2) AS approval_rate,
    ROUND((SELECT AVG(predicted_amount) FROM claims), 2) AS avg_claim_amount,
    ROUND((SELECT SUM(predicted_amount) FROM claims), 2) AS total_payout,
    (SELECT COUNT(*) FROM quotations) AS total_quotations,
    ROUND((SELECT AVG(predicted_premium) FROM quotations), 2) AS avg_premium,
    (SELECT COUNT(*) FROM users WHERE role = 'customer') AS total_customers,
    (SELECT COUNT(*) FROM chat_logs) AS total_chat_interactions;

-- 10.2 Claims Funnel Analysis
WITH claim_funnel AS (
    SELECT 'Total Claims' AS stage, COUNT(*) AS count FROM claims
    UNION ALL
    SELECT 'Approved Claims', COUNT(*) FROM claims WHERE status = 'approved'
    UNION ALL
    SELECT 'Reviewed Claims', COUNT(*) FROM claims WHERE status = 'review'
    UNION ALL
    SELECT 'Rejected Claims', COUNT(*) FROM claims WHERE status = 'rejected'
)
SELECT 
    stage,
    count,
    ROUND(count * 100.0 / (SELECT COUNT(*) FROM claims), 2) AS percentage
FROM claim_funnel
ORDER BY count DESC;

-- 10.3 Customer Lifetime Value Analysis
SELECT 
    u.id,
    u.name,
    u.email,
    (SELECT COUNT(*) FROM quotations q WHERE q.user_id = u.id) AS total_quotes,
    (SELECT COUNT(*) FROM claims c WHERE c.user_id = u.id) AS total_claims,
    (SELECT COALESCE(SUM(predicted_premium), 0) FROM quotations q WHERE q.user_id = u.id) AS total_quoted_value,
    (SELECT COALESCE(SUM(predicted_amount), 0) FROM claims c WHERE c.user_id = u.id AND c.status = 'approved') AS total_claimed_value
FROM users u
WHERE u.role = 'customer'
ORDER BY total_quoted_value DESC
LIMIT 10;

-- 10.4 Risk Assessment - High Risk Claims
SELECT 
    id,
    user_id,
    vehicle_type,
    damage_type,
    severity,
    predicted_amount,
    approval_probability,
    CASE 
        WHEN predicted_amount > 100000 AND approval_probability < 0.3 THEN '🔴 Critical'
        WHEN predicted_amount > 50000 AND approval_probability < 0.5 THEN '🟠 High'
        WHEN approval_probability < 0.5 THEN '🟡 Medium'
        ELSE '🟢 Low'
    END AS risk_level
FROM claims
WHERE approval_probability < 0.6
ORDER BY risk_level, predicted_amount DESC;

-- 10.5 Geographic Heat Map Data
SELECT 
    city,
    COUNT(*) AS claims,
    ROUND(AVG(predicted_amount), 2) AS avg_payout,
    ROUND(COUNT(*) * 100.0 / (SELECT COUNT(*) FROM claims), 2) AS percentage_of_total
FROM claims
WHERE city IS NOT NULL
GROUP BY city
ORDER BY claims DESC;

-- 10.6 Module Performance Summary
SELECT 'Module 1 - Chatbot' AS module, COUNT(*) AS total_activities FROM chat_logs
UNION ALL
SELECT 'Module 2 - Quotations', COUNT(*) FROM quotations
UNION ALL
SELECT 'Module 3 - Claims', COUNT(*) FROM claims
UNION ALL
SELECT 'Module 4 - Dashboard', (SELECT COUNT(*) FROM users WHERE role = 'manager') FROM users WHERE role = 'manager' LIMIT 1;

-- ================================================================
-- PART 11: VERIFICATION QUERIES
-- ================================================================

-- 11.1 Check all tables have data
SELECT 'users' AS table_name, COUNT(*) AS record_count FROM users
UNION ALL
SELECT 'quotations', COUNT(*) FROM quotations
UNION ALL
SELECT 'claims', COUNT(*) FROM claims
UNION ALL
SELECT 'chat_logs', COUNT(*) FROM chat_logs;

-- 11.2 View all views
SELECT schemaname, viewname FROM pg_views WHERE schemaname = 'public';

-- 11.3 Database size
SELECT pg_size_pretty(pg_database_size(current_database())) AS database_size;

-- 11.4 Table sizes
SELECT 
    tablename,
    pg_size_pretty(pg_total_relation_size(schemaname||'.'||tablename)) AS size
FROM pg_stat_user_tables
ORDER BY pg_total_relation_size(schemaname||'.'||tablename) DESC;

-- ================================================================
-- PART 12: MAINTENANCE QUERIES
-- ================================================================

-- 12.1 Vacuum and Analyze (Uncomment to run)
-- VACUUM ANALYZE users;
-- VACUUM ANALYZE quotations;
-- VACUUM ANALYZE claims;
-- VACUUM ANALYZE chat_logs;

-- 12.2 Drop all tables (Uncomment to reset)
-- DROP TABLE IF EXISTS chat_logs CASCADE;
-- DROP TABLE IF EXISTS claims CASCADE;
-- DROP TABLE IF EXISTS quotations CASCADE;
-- DROP TABLE IF EXISTS users CASCADE;

-- ================================================================
-- END OF FILE
-- ================================================================